"region","SPECIES_QUALIFIED","SQ_CU_NAME","FULL_CU_IN","cuid","arrival_50","mu_spawn_50","sd_spawn_50","start_spawn_50","end_spawn_50","n.arrival","n.sd","n.peak"
"HaidaGwaii","CK","CK (P)HATCHERY EXCLUSION-PALLANT CREEK","CK-9002",NA,246.752377307968,284.651632665918,6.84523836983308,271.234843929252,298.068303702661,7,12,6
"AlaskaTransboundary","CK","CK ALSEK","CK-67",1004,202.191623099765,229.897540690314,20.0906903533523,185.921382479854,274.746931029778,3,0,0
"Central Coast","CK","CK BELLA COOLA-BENTINCK","CK-39",512,151.673684215791,244.653255942736,14.6944022890498,215.852171577039,273.454284534843,60,145,75
"Fraser","CK","CK BOUNDARY BAY_FA_0.3","CK-2",302,298.593879831422,319.109417320033,20.8911306085377,278.162761545976,360.055890159244,3,4,1
"Central Coast","CK","CK DEAN RIVER","CK-40",513,167.180268347779,242.536835197498,11.0411961839158,220.895844796565,264.177746222626,32,82,43
"Central Coast","CK","CK DOCEE","CK-36",509,223.941800336729,274.738402988898,10.7630046853061,253.642752118531,295.833958679516,31,87,43
"Vancouver Island & Mainland Inlets","CK","CK EAST VANCOUVER ISLAND-COWICHAN AND KOKSILAH_FA_0.x","CK-22",322,246.074208281292,289.061713199669,13.4364971030951,262.726162516175,315.39713458839,46,133,64
"Vancouver Island & Mainland Inlets","CK","CK EAST VANCOUVER ISLAND-GEORGIA STRAIT_SU_0.3","CK-83",334,162.75634529915,269.792381608353,19.4262810609342,231.716892832597,307.867849763963,36,91,41
"Vancouver Island & Mainland Inlets","CK","CK EAST VANCOUVER ISLAND-GOLDSTREAM_FA_0.x","CK-21",321,282.358248436217,309.16333373219,9.39870966082775,290.741683797935,327.584827947096,35,55,25
"Vancouver Island & Mainland Inlets","CK","CK EAST VANCOUVER ISLAND-NANAIMO AND CHEMAINUS_FA_0.x","CK-25",324,255.43446169504,283.596895923696,9.6070257593134,264.767027846945,302.426598692503,41,88,40
"Vancouver Island & Mainland Inlets","CK","CK EAST VANCOUVER ISLAND-NORTH_FA_0.x","CK-29",327,235.141223614803,272.019111067838,12.6734807245552,247.179111403768,296.859132366102,216,546,274
"Vancouver Island & Mainland Inlets","CK","CK EAST VANCOUVER ISLAND-QUALICUM AND PUNTLEDGE_FA_0.x","CK-27",325,256.521021577954,288.271446921918,9.4878890146823,269.675204554518,306.867745424811,133,303,150
"Skeena","CK","CK ECSTALL","CK-46",205,214.90395627003,253.973303302671,9.47838559660555,235.395710767052,272.550881138744,52,186,86
"Fraser","CK","CK FRASER-CROSS-CU SUPPLEMENTATION EXCLUSION<<BIN>>","CK-9006",NA,135.377885940238,181.862120105773,20.9478548756775,140.804226998777,222.920180516359,13,70,33
"Fraser","CK","CK FRASER-HARRISON FALL TRANSPLANT_FA_0.3<<BIN>>","CK-9008",NA,291.356019860674,313.77146378123,13.8648355233033,286.596497600708,340.946770250491,1,40,17
"Fraser","CK","CK FRASER-MISCELLANEOUS<<BIN>>","CK-9004",NA,227.050125090852,298.097501284484,6.10613122697558,286.128894202274,310.065105558514,0,3,4
"HaidaGwaii","CK","CK HAIDA GWAII-EAST","CK-44",806,274.298997614041,239.215792137583,7.74886480182821,224.028148859494,254.403643576181,5,16,8
"HaidaGwaii","CK","CK HAIDA GWAII-NORTH","CK-43",805,150.143211073422,246.32173113778,12.4265560217225,221.965607540814,270.677691047517,33,90,44
"Vancouver Island & Mainland Inlets","CK","CK HOMATHKO_SU_x.x","CK-34",331,206.511263031213,246.954092723843,9.15336126055197,229.013425320953,264.894809715724,27,134,67
"Skeena","CK","CK KALUM-EARLY TIMING","CK-49",206,209.632198884076,241.386797009367,8.63497138060231,224.462290136447,258.31137700626,61,164,90
"Skeena","CK","CK KALUM-LATE TIMING","CK-50",207,216.622624500875,257.601184800725,9.51886396679588,238.944049256872,276.258201517174,53,127,63
"Vancouver Island & Mainland Inlets","CK","CK KLINAKLINI_SU_1.3","CK-35",332,168.2739250804,232.105270081403,17.944512562745,196.934193694469,267.276543416232,39,71,39
"Skeena","CK","CK LAKELSE","CK-51",227,218.086222797846,247.238173766023,7.39504051421581,232.743992259275,261.732615827084,52,127,66
"Fraser","CK","CK LOWER FRASER RIVER_FA_0.3","CK-3",303,287.496617370786,313.197550132534,14.3242692700398,285.121896260482,341.273021655092,30,68,35
"Fraser","CK","CK LOWER FRASER RIVER_SP_1.3","CK-4",304,127.307767471978,172.628355337987,19.8227343170802,133.776110834436,211.480914642614,13,54,27
"Fraser","CK","CK LOWER FRASER RIVER_SU_1.3","CK-6",306,209.160293827231,268.139426836793,14.8675044931058,238.99917080498,297.279576746112,51,138,86
"Fraser","CK","CK LOWER FRASER RIVER-UPPER PITT_SU_1.3","CK-5",305,215.905659152229,239.884550700703,10.8194447966087,218.678361502757,261.090635493952,20,68,34
"Skeena","CK","CK LOWER SKEENA","CK-48",210,215.808594592667,242.228421865477,7.44242093131824,227.641308224528,256.815551299673,243,543,297
"Fraser","CK","CK LOWER THOMPSON_SP_1.2","CK-17",317,206.625324605013,244.659577967952,9.5073654463904,226.025221612653,263.293986776978,177,490,258
"Fraser","CK","CK MARIA SLOUGH_SU_0.3","CK-7",307,262.987038836263,286.533776299991,11.2564843820941,264.470871679337,308.596412846799,28,78,41
"Fraser","CK","CK MIDDLE FRASER RIVER_SP_1.3","CK-10",310,214.541715953458,239.5964196473,7.41779465476851,225.057537212336,254.13532017508,243,571,363
"Fraser","CK","CK MIDDLE FRASER RIVER_SU_1.3","CK-11",311,232.478825072259,261.26185706929,7.26344814443735,247.025528250749,275.498142765941,214,504,355
"Fraser","CK","CK MIDDLE FRASER RIVER-PORTAGE_FA_1.3","CK-9",309,262.522325255554,287.983342914651,9.22940598798744,269.893742851905,306.072909269343,29,73,38
"Fraser","CK","CK MIDDLE FRASER-FRASER CANYON_SP_1.3","CK-8",308,244.850795843542,266.380213310694,8.05300664473822,250.596286621212,282.164004953694,28,74,39
"Skeena","CK","CK MIDDLE SKEENA-LARGE LAKES","CK-53",222,225.378162447696,255.833648834458,8.29628278822785,239.572853076257,272.094418240168,124,448,235
"Skeena","CK","CK MIDDLE SKEENA-MAINSTEM TRIBUTARIES","CK-54",217,212.143076785081,241.399749084544,7.60762833947878,226.488818664797,256.310651032189,203,487,241
"Central Coast","CK","CK NORTH AND CENTRAL COAST-EARLY TIMING","CK-42",515,180.646385335016,233.134897335855,9.07568932649401,215.34653025154,250.923215736913,551,1353,673
"Central Coast","CK","CK NORTH AND CENTRAL COAST-LATE TIMING","CK-41",514,199.69036381577,238.70601280562,11.7750842163487,215.626741735713,261.785024854934,68,210,98
"Fraser","CK","CK NORTH THOMPSON_SP_1.3","CK-18",318,217.068443984697,238.262491208943,7.58700595924926,223.391925353802,253.133115257598,60,157,96
"Fraser","CK","CK NORTH THOMPSON_SU_1.3","CK-19",319,228.911767097133,261.096038052895,7.39667420609856,246.598604514492,275.593550400247,159,415,241
"Nass","CK","CK PORTLAND SOUND-OBSERVATORY INLET-LOWER NASS","CK-57",401,190.97148081991,225.775802111324,8.43229140628751,209.248495988136,242.303129598872,156,448,238
"Central Coast","CK","CK RIVERS INLET","CK-37",510,212.229081935978,247.215872356928,9.87461969401536,227.861628210521,266.570150494934,187,503,257
"Fraser","CK","CK SHUSWAP RIVER_SU_0.3","CK-15",315,202.826131551055,277.143307639251,12.1524116923251,253.324491768965,300.961961401382,36,110,67
"Skeena","CK","CK SICINTINE","CK-81",241,218.477106504021,228.557462542011,5.10212026305607,218.55747957738,238.558556686872,1,2,1
"Skeena","CK","CK SKEENA ESTUARY","CK-45",224,229.569279949124,264.957138581763,8.39892347708329,248.495294794247,281.419153715598,34,105,52
"Fraser","CK","CK SOUTH THOMPSON_SU_0.3","CK-13",313,239.214525811058,280.244775521555,10.2059600046135,260.240976146837,300.248436370814,95,296,171
"Fraser","CK","CK SOUTH THOMPSON_SU_1.3","CK-14",314,203.277371602358,262.880198890055,10.5549691576485,242.192356744326,283.567978487801,64,188,103
"Fraser","CK","CK SOUTH THOMPSON-BESSETTE CREEK_SU_1.2","CK-16",316,236.579886452958,267.736186414421,7.95259292201563,252.14912930812,283.323280619602,30,73,47
"Vancouver Island & Mainland Inlets","CK","CK SOUTH-MISCELLANEOUS<<BIN>>","CK-9005",NA,296.599134417564,325.222530213029,2.75945383508206,319.813942785626,330.630952699723,4,3,1
"Vancouver Island & Mainland Inlets","CK","CK SOUTHERN BC-CROSS-CU SUPPLEMENTATION EXCLUSION<<BIN>>","CK-9007",NA,244.969606246903,274.533004389597,14.8852377344247,245.358016486751,303.707856073209,19,48,7
"Vancouver Island & Mainland Inlets","CK","CK SOUTHERN MAINLAND-GEORGIA STRAIT_FA_0.x","CK-20",320,215.494752608213,241.303875536356,11.3341624424007,219.088890073368,263.518818338611,246,760,384
"Vancouver Island & Mainland Inlets","CK","CK SOUTHERN MAINLAND-SOUTHERN FJORDS_FA_0.x","CK-28",326,200.314565320587,238.709185989718,12.885922503535,213.452753504896,263.96553777168,300,879,438
"AlaskaTransboundary","CK","CK TAKU-LATE TIMING","CK-65",1008,117.141375476549,229.873489309111,20.1438402669209,185.406995346969,274.758180402338,3,0,0
"Fraser","CK","CK UPPER ADAMS RIVER_SU_x.x","CK-82",333,237.972516195068,263.333208538475,6.8241861733606,249.957538911757,276.709001679257,4,8,7
"Skeena","CK","CK UPPER BULKLEY RIVER","CK-55",221,201.382076791552,241.864781540268,7.14689785546895,227.856900793219,255.87237840934,20,81,37
"Fraser","CK","CK UPPER FRASER RIVER_SP_1.3","CK-12",312,212.910430912064,236.537027103743,6.37388030034866,224.04420825676,249.029862030622,473,913,717
"Nass","CK","CK UPPER NASS","CK-58",402,201.697872034044,242.757422100196,11.383252518745,220.446237658981,265.06868596131,217,501,254
"Skeena","CK","CK UPPER SKEENA","CK-56",212,216.071926866633,237.92504157356,7.06248654327194,224.082876122144,251.767529516062,14,38,21
"Yukon","CK","CK UPPER YUKON RIVER","CK-69",1211,226.66717679895,230.338972611435,20.5631125283837,185.225810668274,275.324690034664,3,0,0
"Central Coast","CK","CK WANNOCK","CK-38",511,220.488880777442,291.801575109748,16.1123403004459,260.221548010927,323.381674174266,24,82,41
"Vancouver Island & Mainland Inlets","CK","CK WEST VANCOUVER ISLAND-NOOTKA AND KYUQUOT_FA_0.x","CK-32",329,258.346854660946,276.076219378751,9.35392450546745,257.742470492315,294.40991318576,367,1622,817
"Vancouver Island & Mainland Inlets","CK","CK WEST VANCOUVER ISLAND-NORTH_FA_0.x","CK-33",330,252.517612757057,269.119906269768,8.92946851353984,251.61813162601,286.621638953655,76,261,102
"Vancouver Island & Mainland Inlets","CK","CK WEST VANCOUVER ISLAND-SOUTH_FA_0.x","CK-31",328,266.767231809396,291.048829868259,9.12696175900886,273.159996014365,308.93769646074,534,1698,732
"Skeena","CK","CK ZYMOETZ","CK-80",229,215.528013004527,238.033337791051,6.84274669217118,224.621658815949,251.445159790746,36,69,46
"Central Coast","CM","CM BELLA COOLA RIVER-LATE","CM-17",505,246.990892039748,286.293616730125,13.2655946354033,260.293342599643,312.294105337908,10,20,10
"Central Coast","CM","CM BELLA COOLA-DEAN RIVERS","CM-16",504,218.279948116067,244.241466658464,12.6001093202282,219.545284386297,268.937674802837,483,1251,668
"Vancouver Island & Mainland Inlets","CM","CM BUTE INLET","CM-7",901,257.246725853273,296.176648572184,12.9370655366587,270.82003989305,321.533173203053,108,398,196
"Central Coast","CM","CM DOUGLAS-GARDNER","CM-20",508,217.897244685329,243.261890698157,9.35900522547234,224.918234949671,261.605518934588,1808,4355,2093
"HaidaGwaii","CM","CM EAST HG","CM-21",801,265.392613597105,283.617759400154,7.25768481839455,269.392721977891,297.842826866965,2031,5829,2954
"Vancouver Island & Mainland Inlets","CM","CM GEORGIA STRAIT","CM-4",904,290.287552536376,314.919535608799,11.4407528109287,292.495658097589,337.343414699181,2479,6853,3458
"Central Coast","CM","CM HECATE LOWLANDS","CM-18",506,244.832101834346,262.422563893513,7.90810587832994,246.922677063413,277.922441724873,2648,7266,3510
"Vancouver Island & Mainland Inlets","CM","CM HOWE SOUND-BURRARD INLET","CM-3",905,290.765745359342,321.787465463947,11.0060918312044,300.21553468916,343.359386025336,558,1575,812
"Fraser","CM","CM INTERIOR FRASER<<BIN>>","CM-9004",NA,277.215517107696,297.478441593587,10.7660559806793,276.376951169248,318.580026347464,165,359,162
"Vancouver Island & Mainland Inlets","CM","CM LOUGHBOROUGH","CM-6",902,275.520757243581,300.861364765219,9.16093139714978,282.905944237995,318.816786834852,623,1978,977
"Fraser","CM","CM LOWER FRASER","CM-2",701,289.955094803108,317.598072371408,13.2555902371345,291.617104879695,343.579024867866,1493,3486,1724
"Nass","CM","CM LOWER NASS","CM-31",405,237.120058797938,257.567603623424,7.75908790991242,242.359795720165,272.77540179329,132,331,164
"Skeena","CM","CM LOWER SKEENA","CM-27",211,226.169685667648,250.127022532732,7.86289753685934,234.715756206655,265.538256790914,407,1023,510
"Skeena","CM","CM MIDDLE SKEENA","CM-28",214,225.404782047151,247.504344835922,7.00908591953443,233.766475085323,261.24218888384,99,242,114
"Central Coast","CM","CM MUSSEL-KYNOCH","CM-19",507,228.826486761969,258.022859511294,10.6027736303964,237.241380587126,278.804316169205,400,1055,528
"HaidaGwaii","CM","CM NORTH HAIDA GWAII","CM-24",802,269.117431773733,287.86200674103,6.1630477681708,275.782426666059,299.941589114519,186,516,258
"HaidaGwaii","CM","CM NORTH HAIDA GWAII-STANLEY CREEK","CM-25",800,231.387544058472,255.142129077996,7.55508613213053,240.334150096269,269.950095367814,29,78,36
"Vancouver Island & Mainland Inlets","CM","CM NORTHEAST VANCOUVER ISLAND","CM-5",903,275.629799001479,296.206090772416,9.62732295027912,277.33656527694,315.075651300616,381,956,475
"Vancouver Island & Mainland Inlets","CM","CM NORTHWEST VANCOUVER ISLAND","CM-11",977,275.977877930849,293.175502482747,6.19557538276458,281.032136370061,305.318822314059,775,2993,1303
"Yukon","CM","CM PORCUPINE RIVER","CM-46",1217,239.998843554272,229.872689918283,20.0215407971758,185.712997171376,273.928563465783,1,0,0
"Nass","CM","CM PORTLAND CANAL-OBSERVATORY","CM-32",406,208.933613165952,235.47278346497,9.67841052398114,216.503091227792,254.442447217081,239,702,361
"Nass","CM","CM PORTLAND INLET","CM-30",404,218.193568887193,242.65231643821,9.21428226757417,224.592301558006,260.712341476784,212,563,284
"Central Coast","CM","CM RIVERS INLET","CM-13",501,232.393386698653,261.764148546267,10.057754216322,242.050933444295,281.477353568252,229,645,331
"Skeena","CM","CM SKEENA ESTUARY","CM-26",220,244.953022810438,259.340258336795,6.96831003626509,245.682367952044,272.998081387112,56,232,107
"HaidaGwaii","CM","CM SKIDEGATE","CM-22",804,254.921440837463,277.30272713449,9.49104619446552,258.700276955865,295.905135887214,955,2384,1210
"Central Coast","CM","CM SMITH INLET","CM-12",500,241.958115982728,271.064408341719,9.91368441601345,251.633627811709,290.495204179347,204,545,275
"Vancouver Island & Mainland Inlets","CM","CM SOUTHERN COASTAL STREAMS","CM-8",900,251.937585344643,277.182940265617,11.1320187404493,255.36418956473,299.001752190299,1079,2167,1091
"Vancouver Island & Mainland Inlets","CM","CM SOUTHWEST VANCOUVER ISLAND","CM-10",978,278.169815260009,301.930465558834,9.3292454780807,283.645135647027,320.215781669309,2305,8713,4157
"Central Coast","CM","CM SPILLER-FITZ HUGH-BURKE","CM-15",503,242.248901669836,266.909762116609,10.4446951808267,246.438160314753,287.381373368321,1173,3350,1745
"Vancouver Island & Mainland Inlets","CM","CM UPPER KNIGHT","CM-9",979,242.859877131522,274.479875892629,12.1134005135546,250.737594649675,298.222243499422,130,306,155
"Central Coast","CM","CM WANNOCK","CM-14",502,267.778923793182,306.669292935298,11.5454259190611,284.040322882448,329.298163879195,24,70,34
"HaidaGwaii","CM","CM WEST HAIDA GWAII","CM-23",803,256.110424377641,275.786249598065,7.54719977210486,260.993765235324,290.578754526942,1132,3253,1647
"Central Coast","CO","CO BELLA COOLA-DEAN RIVERS","CO-22",518,260.860759105774,310.743090079834,13.8225426697711,283.65097015471,337.835276613204,184,614,397
"Fraser","CO","CO BOUNDARY BAY","CO-1",906,296.856882302714,317.060577569393,19.1651944680193,279.496431809713,354.625359599608,4,5,1
"Vancouver Island & Mainland Inlets","CO","CO CLAYOQUOT","CO-18",915,275.810448555342,312.129324215825,13.7215782778892,285.235073072112,339.023598917732,396,1317,441
"Central Coast","CO","CO DOUGLAS CHANNEL-KITIMAT ARM","CO-29",522,246.645767526407,294.541592754123,12.3896481298122,270.25786968925,318.82525838347,446,994,480
"Vancouver Island & Mainland Inlets","CO","CO EAST VANCOUVER ISLAND-GEORGIA STRAIT","CO-13",910,293.711175173708,323.7292591513,12.8192449090431,298.603541921299,348.854984008725,2066,5326,2658
"Vancouver Island & Mainland Inlets","CO","CO EAST VANCOUVER ISLAND-JOHNSTONE STRAIT-SOUTHERN FJORDS","CO-14",911,248.339226915083,289.972547991278,14.7088530552063,261.143223563909,318.801873744004,229,595,299
"Fraser","CO","CO FRASER CANYON","CO-5",705,296.976157949167,329.89385703982,11.7939090506242,306.777805928524,353.009830774565,87,240,94
"Vancouver Island & Mainland Inlets","CO","CO GEORGIA STRAIT MAINLAND","CO-11",908,275.969039169658,306.594867076966,14.321066206232,278.525581883088,334.664146348871,503,1607,801
"Central Coast","CO","CO HECATE STRAIT MAINLAND","CO-27",520,243.598772768517,271.731895077081,10.6755328189964,250.807845382098,292.65594098956,2577,6561,3000
"HaidaGwaii","CO","CO HG-EAST","CO-23",807,269.226667241395,293.017535849287,8.69201774772159,275.981182671404,310.053879331043,1513,3924,1977
"HaidaGwaii","CO","CO HG-GRAHAM ISLAND LOWLANDS","CO-25",809,250.238617978358,289.288819337472,10.8490257192703,268.024754383515,310.552931838008,497,1281,680
"HaidaGwaii","CO","CO HG-WEST","CO-24",808,266.239696108084,291.456431910374,8.19990509427802,275.384623851222,307.528239978125,538,1017,504
"Vancouver Island & Mainland Inlets","CO","CO HOMATHKO-KLINAKLINI RIVERS","CO-19",916,228.673008250142,283.227880188411,15.6653023569108,252.523837426032,313.931876582709,86,227,112
"Vancouver Island & Mainland Inlets","CO","CO HOWE SOUND-BURRARD INLET","CO-10",907,282.234054460013,307.006321164759,17.6208150744443,272.469528512026,341.543129334031,542,1504,743
"Fraser","CO","CO INTERIOR FRASER","CO-48",749,286.310151097015,323.157045411101,11.9770405047823,299.682047378794,346.632101903478,92,186,115
"Vancouver Island & Mainland Inlets","CO","CO JUAN DE FUCA-PACHENA","CO-16",913,281.788409798457,312.581085560283,11.0882558489403,290.848079537732,334.314125882012,289,978,497
"Fraser","CO","CO LILLOOET","CO-4",704,289.435872102399,321.839475598892,11.0456464095087,300.190006931336,343.488895588356,234,733,378
"Fraser","CO","CO LOWER FRASER","CO-47",750,301.601237924387,331.70832386409,15.5466004292642,301.236991698618,362.179665957007,1451,3949,1838
"Nass","CO","CO LOWER NASS","CO-35",408,258.224991307422,297.692911730315,11.9348626275588,274.30066534381,321.085211893304,313,736,370
"Skeena","CO","CO LOWER SKEENA","CO-32",202,274.360702349661,309.846583930203,11.1855696757168,287.922894578382,331.770338368659,1067,2569,1301
"Fraser","CO","CO LOWER THOMPSON","CO-7",707,273.529183633556,319.461183861089,10.6312193232833,298.62399515633,340.298492336671,57,107,56
"Skeena","CO","CO MIDDLE SKEENA","CO-33",215,265.10482872852,294.590506029131,8.99871108563247,276.953020605714,312.227981308866,853,2291,1127
"Central Coast","CO","CO MUSSEL-KYNOCH","CO-26",519,238.423060860708,270.152007597715,9.68891131809338,251.161812574198,289.14218445936,187,363,140
"Vancouver Island & Mainland Inlets","CO","CO NAHWITTI LOWLAND","CO-15",912,264.232849274194,290.521136845564,10.6231185555683,269.69982226504,311.342464683488,698,2243,982
"Fraser","CO","CO NORTH THOMPSON","CO-9",709,289.591288473841,319.618999406923,8.03089531372166,303.878460859374,335.359517766423,690,1466,974
"Central Coast","CO","CO NORTHERN COASTAL STREAMS","CO-30",523,238.952704016744,283.938422883315,11.8571298344721,260.698466082685,307.178410510539,1300,2790,1310
"Nass","CO","CO PORTLAND SOUND-OBSERVATORY INLET-PORTLAND CANAL","CO-37",410,246.341551274119,290.908144188159,11.3875209687281,268.588572796222,313.227701932692,312,588,262
"Central Coast","CO","CO RIVERS INLET","CO-21",517,253.439511514724,297.116254668976,15.0991642725232,267.521817414597,326.710668361628,307,724,344
"Skeena","CO","CO SKEENA ESTUARY","CO-31",225,260.202008024679,292.428299346759,10.1184105910888,272.596219637226,312.260518561033,208,418,206
"Central Coast","CO","CO SMITH INLET","CO-20",516,256.765393428979,292.068856827566,12.4426549263002,267.681216886065,316.456508410256,92,278,132
"Fraser","CO","CO SOUTH THOMPSON","CO-8",708,282.498175191539,317.390787764268,9.02695127660604,299.697963590359,335.08352986733,478,976,576
"Vancouver Island & Mainland Inlets","CO","CO SOUTHERN COASTAL STREAMS-QUEEN CHARLOTTE STRAIT-JOHNSTONE STRAIT-SOUTHERN FJORDS","CO-12",909,247.994816012094,287.681591016669,12.7992716263046,262.595031681501,312.768144977781,1895,4248,2110
"AlaskaTransboundary","CO","CO TAKU-LATE TIMING","CO-41",1034,182.999550980239,229.83000640547,20.3184381683099,185.038743639496,274.328001342504,2,0,0
"Nass","CO","CO UPPER NASS","CO-36",409,248.400762050665,288.763960838681,12.2876476947722,264.680085860031,312.847671291875,171,336,168
"Skeena","CO","CO UPPER SKEENA","CO-34",231,251.606752959386,286.385891595442,7.69275134186981,271.308129952317,301.463842954222,90,229,118
"Vancouver Island & Mainland Inlets","CO","CO WEST VANCOUVER ISLAND","CO-17",914,276.251856376898,308.389435400888,14.6862106291313,279.60448665122,337.174386726604,1034,4307,2146
"HaidaGwaii","PKE","PKE EAST HAIDA GWAII","PKE-10",811,242.484927281307,265.903873073493,7.53294584771421,251.139299638776,280.668439895066,798,2074,1066
"Vancouver Island & Mainland Inlets","PKE","PKE GEORGIA STRAIT","PKE-1",917,241.878617197669,268.436577191121,7.72786122941643,253.290045559929,283.583226480244,227,732,357
"Central Coast","PKE","PKE HECATE LOWLANDS","PKE-5",608,240.373192921663,259.155922267896,7.74876543072132,243.968357781647,274.343510211471,1795,4675,2326
"Central Coast","PKE","PKE HECATE STRAIT-FJORDS","PKE-6",609,223.081494549722,250.025350161777,8.9952482905346,232.394703335896,267.656016999694,2001,4856,2445
"Skeena","PKE","PKE MIDDLE-UPPER SKEENA","PKE-8",218,220.333632197919,244.961990183132,6.48313900543648,232.254977301105,257.668981047895,189,517,255
"Skeena","PKE","PKE NASS-SKEENA ESTUARY","PKE-7",219,225.437512610101,248.650517796656,7.67207249516951,233.613268585901,263.687777622103,1368,3384,1680
"HaidaGwaii","PKE","PKE NORTH HAIDA GWAII","PKE-9",810,233.360916191398,254.178498190994,6.9991587917379,240.46013065109,267.89689991302,237,648,321
"Vancouver Island & Mainland Inlets","PKE","PKE NORTHWEST VANCOUVER ISLAND","PKE-3",919,243.858810349838,259.352589098741,5.92815296328885,247.733459993165,270.971681558081,82,337,142
"Vancouver Island & Mainland Inlets","PKE","PKE SOUTHERN FJORDS","PKE-4",920,229.425562156719,263.024111543524,10.3123286856837,242.811949886518,283.236285037126,953,2391,1194
"Nass","PKE","PKE UPPER NASS","PKE-12",415,232.919706054844,249.794424044666,4.29753377209372,241.371616266003,258.217498843936,13,26,13
"HaidaGwaii","PKE","PKE WEST HAIDA GWAII","PKE-11",812,240.744049824418,261.611415060098,7.2337082007841,247.433380162547,275.789401549777,469,1153,571
"Vancouver Island & Mainland Inlets","PKE","PKE WEST VANCOUVER ISLAND","PKE-2",918,243.8939075411,266.849914435403,8.45232827161355,250.28334491099,283.416465786849,161,1059,553
"HaidaGwaii","PKO","PKO EAST HAIDA GWAII","PKO-9",813,237.323423769132,262.20632709789,6.94971770485514,248.584883711133,275.827728277057,283,706,359
"Vancouver Island & Mainland Inlets","PKO","PKO EAST HOWE SOUND-BURRARD INLET","PKO-2",921,226.950691572404,261.936321437113,11.2512511524589,239.883918575603,283.988922949693,59,251,127
"Vancouver Island & Mainland Inlets","PKO","PKO EAST VANCOUVER ISLAND-JOHNSTONE STRAIT","PKO-4",923,219.987593902132,256.531402746607,11.0220998547677,234.928127048808,278.134717025668,109,271,135
"Fraser","PKO","PKO FRASER RIVER","PKO-1",710,266.828216450888,287.312839221637,7.9975034674327,271.637785895882,302.987894468558,326,862,418
"Vancouver Island & Mainland Inlets","PKO","PKO GEORGIA STRAIT","PKO-3",922,239.613575324441,263.79133186427,8.9020993113584,246.343197907163,281.239447047381,378,1136,556
"Central Coast","PKO","PKO HECATE STRAIT-FJORDS","PKO-13",612,221.240344514565,249.057384967712,9.1833736442026,231.057985525541,267.056798486714,1646,3967,1962
"Central Coast","PKO","PKO HECATE STRAIT-LOWLANDS","PKO-12",611,239.767032995373,258.375524881242,7.64957029690606,243.382357698461,273.368713140804,1726,4486,2217
"Vancouver Island & Mainland Inlets","PKO","PKO HOMATHKO-KLINAKLINI-SMITH-RIVERS-BELLA COOLA-DEAN","PKO-8",610,223.232013165915,251.730938318893,9.81464109690303,232.494245762077,270.967642634413,481,1112,575
"Skeena","PKO","PKO LOWER SKEENA","PKO-15",209,225.790403720263,248.22721230447,7.39437458540365,233.734245918262,262.720214254516,365,931,472
"Skeena","PKO","PKO MIDDLE AND UPPER SKEENA","PKO-16",213,222.988960631658,246.574736618768,7.1539785048918,232.553027664755,260.596470814003,226,612,306
"Vancouver Island & Mainland Inlets","PKO","PKO NAHWITTI","PKO-5",924,234.929626942984,261.194232187322,9.54016785521426,242.49547533414,279.892930340883,142,322,159
"Nass","PKO","PKO NASS-PORTLAND-OBSERVATORY","PKO-17",414,217.736686861493,241.475382847439,8.01609940612158,225.763853811059,257.186905445325,539,1282,652
"Skeena","PKO","PKO NASS-SKEENA ESTUARY","PKO-14",223,234.424362376339,256.626571903014,7.39234261492697,242.137599850241,271.115537697624,398,1048,527
"HaidaGwaii","PKO","PKO NORTH HAIDA GWAII","PKO-10",814,229.250854997427,252.0345203954,7.27856932313956,237.768479754817,266.300620554133,86,222,113
"Vancouver Island & Mainland Inlets","PKO","PKO SOUTHERN FJORDS","PKO-7",926,229.538180194923,260.560562530275,9.49029036083659,241.9596265865,279.161528437166,421,1128,559
"Nass","PKO","PKO UPPER NASS","PKO-18",412,235.357328853722,249.532223788638,5.12778880002225,239.481700890467,259.582638313085,11,20,10
"HaidaGwaii","PKO","PKO WEST HAIDA GWAII","PKO-11",815,244.568207062319,257.766489788488,7.09217234444438,243.865771040079,271.667160753905,65,134,65
"Vancouver Island & Mainland Inlets","PKO","PKO WEST VANCOUVER ISLAND","PKO-6",925,258.783689191447,267.710609137626,7.89878969947212,252.228975565695,283.192229834324,112,231,108
"Vancouver Island & Mainland Inlets","SEL","SEL (N)GLENDALE","SEL-11-12",NA,207.988504053516,232.157217398217,14.4917915019258,203.753238084773,260.561036841155,10,45,22
"Fraser","SEL","SEL (P)ADAMS AND MOMICH LAKES-EARLY SUMMER TIMING","SEL-09-xx",751,238.211651363617,251.500887999047,5.630508928763,240.465159462882,262.536664791814,52,14,112
"HaidaGwaii","SEL","SEL AIN/SKUNDALE/IAN","SEL-17-01",819,158.119158901203,234.369547134246,9.10060867270563,216.532278066291,252.206575843696,33,92,46
"Skeena","SEL","SEL ALASTAIR","SEL-20-01",171,228.800668967936,260.693394875488,12.2284601679605,236.725677705439,284.661264930405,73,228,109
"Vancouver Island & Mainland Inlets","SEL","SEL ALICE","SEL-13-01",945,201.204954549855,224.052715329535,8.50021563418328,207.392208520857,240.712952119487,12,50,20
"Fraser","SEL","SEL ALOUETTE_EARLY SUMMER<<EXTIRPATED>>","SEL-03-07",NA,239.250793172779,309.039926836767,7.6790761997374,293.994835504421,324.102290833207,0,0,1
"Fraser","SEL","SEL ANDERSON/SETON-EARLY SUMMER TIMING","SEL-06-01",719,225.651036408768,246.421529525276,10.4592876415492,225.921291524735,266.921828546686,77,2,98
"Skeena","SEL","SEL ASITIKA","SEL-22-01",190,240.254581976511,267.139303719018,7.29041523438681,252.850079133103,281.42858335908,19,64,32
"HaidaGwaii","SEL","SEL AWUN","SEL-17-02",820,149.7913481758,237.432617392084,7.72488920545927,222.291951307468,252.573324928492,43,114,57
"Skeena","SEL","SEL AZUKLOTZ","SEL-22-02",191,231.99686725024,254.150223224496,7.69937935230763,239.059440617749,269.240986942894,23,91,52
"Skeena","SEL","SEL BABINE","SEL-21-02",180,220.541014146008,245.963113982232,9.73065336022584,226.89102430377,265.035208321046,403,1565,797
"Central Coast","SEL","SEL BACKLAND","SEL-18-01",529,196.480393885617,252.257481242092,11.7937287914821,229.14170312588,275.373432422499,25,52,30
"Central Coast","SEL","SEL BANKS","SEL-19-01",540,177.844725979665,243.701940069551,9.51731470005929,225.048065209877,262.35592303057,18,58,30
"Skeena","SEL","SEL BEAR","SEL-22-03",192,238.677842079113,258.641280035831,7.47188542203053,243.996367597606,273.286097421278,47,184,93
"Central Coast","SEL","SEL BLOOMFIELD","SEL-19-02",541,210.812266861442,246.325646754231,7.52182503271589,231.582977660594,261.068310956831,38,91,46
"Central Coast","SEL","SEL BOLTON CREEK","SEL-19-03",542,174.889087059909,230.5191945926,10.481989805093,209.974258651601,251.063942563856,7,23,11
"Central Coast","SEL","SEL BONILLA","SEL-19-04",543,176.011261997714,247.06853631196,9.70225775098675,228.052024767993,266.084822041684,19,67,42
"Central Coast","SEL","SEL BORROWMAN CREEK","SEL-19-05",544,207.66877963094,248.504906193722,8.94507093419336,230.972550709905,266.037341570235,29,62,25
"Fraser","SEL","SEL BOWRON-EARLY SUMMER TIMING","SEL-07-01",735,217.993412311628,244.57696332454,7.90849759509867,229.075771521987,260.077719785522,46,2,85
"Skeena","SEL","SEL BOWSER","SEL-24-01",420,206.817248040655,244.985550006688,11.5040628789979,222.437297968054,267.533704005933,21,42,21
"Skeena","SEL","SEL BULKLEY","SEL-21-03",181,217.562097062919,244.422958526783,8.33320476102164,228.089749726134,260.755735561734,1,12,6
"Central Coast","SEL","SEL BUSEY CREEK","SEL-19-06",545,197.738073252354,189.106736791188,9.63020832446642,170.231548361199,207.981785452485,0,24,9
"Vancouver Island & Mainland Inlets","SEL","SEL CANOE CREEK","SEL-13-02",946,196.71337125668,179.741170314974,7.76109018736587,164.529988169518,194.95228948566,0,13,3
"Central Coast","SEL","SEL CANOONA","SEL-18-02",532,188.024680394263,271.68518783853,7.8932343637356,256.214564502924,287.15601893484,44,71,36
"Fraser","SEL","SEL CARIBOO-SUMMER TIMING","SEL-06-18",NA,239.263427192407,257.411102143391,7.69930745289147,242.330545545258,272.506865264434,0,0,5
"Central Coast","SEL","SEL CARTWRIGHT CREEK","SEL-19-07",546,197.742952634288,213.252569718334,10.7146158592325,192.251757319496,234.253485637169,0,6,3
"Vancouver Island & Mainland Inlets","SEL","SEL CECILIA","SEL-13-03",947,166.261152640123,205.242609776273,22.0804115111899,161.964877064319,248.520353478652,5,37,7
"Vancouver Island & Mainland Inlets","SEL","SEL CHEEWAT","SEL-13-04",948,59.6870739120964,254.009403789454,1.80842661935665e-05,254.009370717816,254.009436507708,18,65,32
"Fraser","SEL","SEL CHILKO-EARLY SUMMER TIMING","SEL-06-02",720,239.273694718234,258.946820787382,7.65294533624231,243.934205840866,273.949321457808,0,0,18
"Fraser","SEL","SEL CHILKO-SUMMER TIMING","SEL-06-03",721,227.452017497004,268.126009165764,7.73323134643225,252.975808472403,283.282287969982,60,0,83
"Fraser","SEL","SEL CHILLIWACK-EARLY SUMMER TIMING","SEL-03-01",711,217.801833483729,240.749511907097,7.69668124398458,225.665850239332,255.840105428263,14,0,49
"Vancouver Island & Mainland Inlets","SEL","SEL CLAYOQUOT","SEL-13-05",949,273.401272366364,314.555999420134,7.12011561547747,300.600443821774,328.511608470691,23,77,26
"Nass","SEL","SEL CLEMENTS","SEL-23-01",418,181.016808225828,218.188513187764,11.4721014218738,195.702916647278,240.673943093672,17,68,34
"Fraser","SEL","SEL CULTUS-LATE TIMING","SEL-03-02",712,265.674753711475,328.064477018265,7.73304254542739,312.917117948761,343.221904989143,50,0,52
"Central Coast","SEL","SEL CURTIS INLET","SEL-19-11",550,185.408611342798,229.50143668656,9.58335051277746,210.718113561714,248.28469499301,26,76,48
"Central Coast","SEL","SEL DALLAIN CREEK","SEL-19-12",551,207.301326865786,193.62818021544,8.86969778625094,176.243461726417,211.012868430517,3,26,5
"Nass","SEL","SEL DAMDOCHAX/WINIMASIK","SEL-24-02",421,207.516137908614,249.314555338325,7.204701605436,235.193360406954,263.435918687961,32,66,37
"Skeena","SEL","SEL DAMSHILGWIT","SEL-22-04",193,224.388781699239,252.709334189986,9.12005892825707,234.8338236875,270.584367170873,9,16,8
"Central Coast","SEL","SEL DEER","SEL-19-13",552,215.023650297543,239.156274938433,11.1720846051117,217.258931667519,261.05347444725,14,55,29
"Vancouver Island & Mainland Inlets","SEL","SEL DESERTED","SEL-13-06",950,275.285370442264,238.175864202811,18.8596614701024,201.211066928508,275.140629837531,6,19,10
"Central Coast","SEL","SEL DEVON","SEL-19-14",553,180.66081535388,242.60650321587,12.2744048024944,218.548796803957,266.66426640955,29,86,52
"Central Coast","SEL","SEL DOME","SEL-18-03",533,239.028608959312,241.114803788118,8.26797235596977,224.873384382203,257.349086481834,3,0,0
"Central Coast","SEL","SEL DOUGLAS CREEK","SEL-19-15",554,196.008481852179,225.665842288944,10.7946003273756,204.508344054519,246.823141808839,2,17,9
"Skeena","SEL","SEL ECSTALL/LOWER","SEL-20-04",174,176.184559283549,258.210352709993,5.40623292272373,247.614669210064,268.806468572606,8,17,8
"Central Coast","SEL","SEL ELIZABETH","SEL-19-16",555,197.731225430441,194.82956476124,5.52724217445531,183.99619267973,205.662303307025,0,6,3
"Central Coast","SEL","SEL ELSIE/HOY","SEL-19-17",556,214.630721253847,252.44320621331,10.283671310579,232.287202725958,272.599106667465,14,35,17
"Central Coast","SEL","SEL END HILL CREEK","SEL-19-18",557,171.427494084355,237.294229791666,12.6799898809394,212.441482770791,262.147051684407,17,59,29
"Central Coast","SEL","SEL EVELYN","SEL-18-04",534,199.916143041915,253.301744668043,11.1374650300098,231.472249180258,275.130971669995,48,121,57
"Central Coast","SEL","SEL EVINRUDE INLET","SEL-19-19",558,189.209099894173,247.775634543745,8.7919899468414,230.543115826125,265.008110425871,10,33,15
"HaidaGwaii","SEL","SEL FAIRFAX","SEL-17-03",821,186.166186192727,215.894428360427,8.91056544587045,198.429634875955,233.358833096399,19,28,13
"Vancouver Island & Mainland Inlets","SEL","SEL FAIRY","SEL-13-07",951,220.798771132134,263.407675213943,10.5604703116029,242.709154065102,284.106284324106,26,61,30
"Central Coast","SEL","SEL FANNIE COVE","SEL-19-10",549,191.353142900799,238.034159307873,10.0366223740945,218.362260221827,257.706127906998,20,62,32
"Fraser","SEL","SEL FRANCOIS-EARLY SUMMER TIMING","SEL-06-04",NA,229.92920508126,246.849281830761,5.10153972064699,236.8497784619,256.84859569367,41,6,46
"Fraser","SEL","SEL FRANCOIS-LATE TIMING","SEL-06-05",NA,239.266999729526,263.494355384205,7.58339576575155,248.623790744117,278.369475597879,0,0,1
"Fraser","SEL","SEL FRANCOIS/FRASER-SUMMER TIMING","SEL-06-07",725,237.904865425858,262.229635803864,2.55088094110086,257.229962287115,267.229363341008,84,2,109
"Fraser","SEL","SEL FRASER RIVER MIGRATORY COUNTS<<BIN>>","SEL-03-xx",NA,252.695033728425,285.262353960529,7.87637551277007,269.824678659642,300.69998945838,25,48,56
"Fraser","SEL","SEL FRASER-EARLY SUMMER TIMING","SEL-06-06",NA,234.670579512135,246.113706600374,6.63285941341305,233.113411260104,259.114311880358,53,8,55
"Nass","SEL","SEL FRED WRIGHT","SEL-24-03",422,228.030295597874,252.97719770824,9.21262590238715,234.920283225174,271.034153220282,27,62,31
"Central Coast","SEL","SEL FREEDA/BRODIE","SEL-19-20",559,220.776795293167,229.064742738853,5.90375482260097,217.493681985874,240.636246808284,10,29,20
"Vancouver Island & Mainland Inlets","SEL","SEL FULMORE","SEL-11-01",927,157.13320741805,225.179817419612,14.3926601711291,196.970136384932,253.389464815743,33,63,31
"Vancouver Island & Mainland Inlets","SEL","SEL GREAT CENTRAL/SPROAT<<BIN>>","SEL-13-xx",NA,131.665595256886,235.176678141093,22.6930542339425,190.698417928379,279.655210012406,13,59,29
"Fraser","SEL","SEL HARRISON-DOWNSTREAM MIGRATING-LATE TIMING","SEL-03-03",713,245.766444229187,264.780136173141,9.1656637028949,246.815394340349,282.744836973185,86,56,151
"Fraser","SEL","SEL HARRISON-UPSTREAM MIGRATING-LATE TIMING","SEL-03-04",714,277.171880622959,295.692553510325,15.5617105981653,265.191706953742,326.193092499037,88,6,117
"Central Coast","SEL","SEL HARTLEY BAY","SEL-19-21",560,215.922429404228,251.763662318044,10.8912166104281,230.416844073584,273.110452762906,41,109,55
"Vancouver Island & Mainland Inlets","SEL","SEL HENDERSON","SEL-13-09",953,236.124160059811,287.711526951637,13.0848754680841,262.065221038581,313.357917957009,21,72,37
"Vancouver Island & Mainland Inlets","SEL","SEL HESQUIAT","SEL-13-10",954,255.601277930166,297.192929626684,10.1866708731223,277.227007065887,317.158892900403,9,18,10
"Central Coast","SEL","SEL HEVENOR INLET","SEL-19-22",561,175.045335948481,226.8641462645,8.09055469358471,211.006794002405,242.721559174743,5,14,7
"Vancouver Island & Mainland Inlets","SEL","SEL HEYDON","SEL-11-02",928,170.293185505556,204.956772582812,9.81682075431128,185.716002650888,224.197722940501,35,75,37
"Central Coast","SEL","SEL HIGGINS LAGOON","SEL-19-23",562,179.394773555702,226.079613347346,12.0749400323121,202.412964502725,249.746703560639,3,18,9
"Vancouver Island & Mainland Inlets","SEL","SEL HOBITON","SEL-13-11",955,126.737383153402,227.487179207209,13.4549869020532,201.115479138875,253.859053823039,24,70,35
"Vancouver Island & Mainland Inlets","SEL","SEL IDA/BONANZA","SEL-12-01",937,240.515048200042,280.75009984762,7.83972081744482,265.384792660435,296.116503208272,4,13,7
"Fraser","SEL","SEL INDIAN/KRUGER-EARLY SUMMER TIMING","SEL-07-02",NA,237.509203239096,249.54464384526,7.68246133709522,234.495129091138,264.604043376117,2,0,3
"HaidaGwaii","SEL","SEL JALUN","SEL-17-04",822,137.949451018145,224.302206338901,8.74806295277102,207.156102346673,241.448277889237,17,48,25
"Vancouver Island & Mainland Inlets","SEL","SEL JANSEN","SEL-13-12",956,189.866535661952,216.685882886342,14.6271241695235,188.016612122228,245.354811448366,7,46,21
"Skeena","SEL","SEL JOHANSON","SEL-22-05",194,205.726620804215,250.10444934592,5.634839284636,239.060128801228,261.148447227518,3,32,18
"Skeena","SEL","SEL JOHNSTON","SEL-20-05",175,210.227377299269,258.959191695613,9.18736763214919,240.952077312085,276.966386973039,16,48,26
"Central Coast","SEL","SEL KADJUSDIS RIVER","SEL-19-24",563,184.77869524538,248.677997389705,8.99150319550878,231.05462736428,266.301475629256,22,75,39
"Central Coast","SEL","SEL KAINET CREEK","SEL-18-05",535,194.705039145572,243.79041631904,8.71772313574742,226.703524601286,260.876989152758,27,76,40
"Vancouver Island & Mainland Inlets","SEL","SEL KAKWEIKEN","SEL-11-03",929,197.315449799923,238.292356286673,7.63327936013503,223.331024553753,253.253349756872,38,67,32
"Fraser","SEL","SEL KAMLOOPS-EARLY SUMMER TIMING","SEL-10-01",740,232.647860040977,252.713616058202,6.54972735014085,239.876087819135,265.551332777239,112,29,225
"Vancouver Island & Mainland Inlets","SEL","SEL KANIM","SEL-13-13",957,75.2162497313892,184.319765094843,19.5155030860649,146.069274681796,222.570340840721,1,4,1
"Central Coast","SEL","SEL KDELMASHAN CREEK","SEL-19-25",564,181.453023594717,253.801224157559,7.95463907069762,238.210047324087,269.392245321612,18,44,22
"Central Coast","SEL","SEL KEECHA","SEL-19-26",565,189.147098163474,238.811595200886,9.36773797517673,220.450954945172,257.172398115149,21,65,38
"Vancouver Island & Mainland Inlets","SEL","SEL KENNEDY","SEL-13-14",958,244.587708828082,293.719289259484,8.23102680178982,277.586490300826,309.852177947282,63,180,71
"Central Coast","SEL","SEL KENT INLET LAGOON CREEK","SEL-19-27",566,202.79535263664,272.905241919979,6.72546954795483,259.722695408748,286.087281690661,10,5,7
"Central Coast","SEL","SEL KENZUWASH CREEKS","SEL-19-28",567,165.441398214117,210.804268487536,12.8510044752351,185.616816146134,235.99253029803,3,16,8
"Central Coast","SEL","SEL KESWAR CREEK","SEL-19-29",568,170.327277053636,224.792243500275,9.58658314122879,206.002740041686,243.581913598365,10,38,19
"Central Coast","SEL","SEL KILDIDT CREEK","SEL-19-30",569,204.466746688296,219.383159093847,9.11971416810733,201.508319928161,237.257822092283,2,8,3
"Central Coast","SEL","SEL KILDIDT LAGOON CREEK","SEL-19-31",570,191.066111989196,277.878231860162,7.65269869143992,262.878447989727,292.877005016878,1,2,1
"Central Coast","SEL","SEL KIMSQUIT","SEL-18-06",536,187.855814185299,266.73446045503,13.9570590610741,239.378643433789,294.090283620445,27,76,38
"Central Coast","SEL","SEL KISAMEET","SEL-19-32",571,191.270515383162,262.764226057047,7.75124058754974,247.571790989251,277.956599280945,15,50,25
"Central Coast","SEL","SEL KITKIATA","SEL-18-07",537,193.667552393027,250.870993974467,12.6309009691445,226.114354440635,275.627560406464,39,97,49
"Central Coast","SEL","SEL KITLOPE","SEL-18-08",538,192.348945670088,241.099357092875,10.8341624317517,219.864386602638,262.33429228284,46,118,58
"Skeena","SEL","SEL KITSUMKALUM","SEL-20-06",176,236.27344781816,273.261328146238,12.8131691445617,248.14755561248,298.375109216464,133,362,173
"Skeena","SEL","SEL KITWANCOOL","SEL-21-05",183,205.606910033302,246.221556737388,11.4218042736929,223.834875482845,268.608293858018,11,22,10
"Skeena","SEL","SEL KLUATANTAN","SEL-22-06",195,228.452849432878,247.512742305459,11.7351531067957,224.51228016025,270.513557524831,1,4,2
"Skeena","SEL","SEL KLUAYAZ","SEL-22-07",196,223.816205232447,252.668890727756,11.7347621104403,229.668585869013,275.66922047129,0,8,4
"Central Coast","SEL","SEL KOEYE","SEL-19-33",572,165.733866798469,243.639859534985,11.7483104664707,220.613127720835,266.666472996484,27,81,44
"Central Coast","SEL","SEL KOORYET","SEL-19-34",573,183.951528601039,236.322613838616,8.7083505511359,219.254281773866,253.391030001712,28,76,47
"Central Coast","SEL","SEL KUNSOOT RIVER","SEL-19-35",574,237.601943250878,241.107066565073,8.1629213537086,225.092859651025,257.171787186453,1,0,0
"AlaskaTransboundary","SEL","SEL KUTHAI","SEL-28-01",1027,217.046117442307,230.452965556426,20.0330930127168,186.173627834538,274.777535386601,15,0,0
"Central Coast","SEL","SEL KWAKWA CREEK","SEL-19-36",575,187.767653025259,241.326041226525,7.25416410094571,227.107743269106,255.544406006002,34,70,41
"Skeena","SEL","SEL LAKELSE","SEL-20-07",177,219.01094173963,247.762185420476,8.76798673193817,230.57695414859,264.947498407212,187,438,216
"Central Coast","SEL","SEL LEWIS CREEK","SEL-19-37",576,170.918074943629,218.337160746606,12.7417979223774,193.363332951172,243.310788368899,9,38,19
"Fraser","SEL","SEL LILLOOET/HARRISON-LATE TIMING","SEL-04-01",716,246.414329740785,275.083804882523,9.41166674618704,256.636956065664,293.53058850372,100,112,185
"Central Coast","SEL","SEL LIMESTONE CREEK","SEL-19-38",577,210.09884775406,271.735071350285,7.53997861462654,256.956832545313,286.513571082167,24,36,18
"AlaskaTransboundary","SEL","SEL LITTLE TRAPPER","SEL-28-02",1028,236.859483103499,230.440090423541,19.9496720166284,186.558949998989,274.498750093436,25,0,0
"Central Coast","SEL","SEL LONG","SEL-15-01",524,218.34818984074,272.705904403054,10.4470343624009,252.229580589582,293.182025730857,54,166,85
"Vancouver Island & Mainland Inlets","SEL","SEL LOOSE","SEL-11-04",930,243.531550578015,244.249703144759,8.57923134609424,227.376933534196,261.12441211298,1,0,0
"Central Coast","SEL","SEL LOWE/SIMPSON/WEARE","SEL-19-39",578,215.156691030385,253.578444433394,9.46285657188432,235.031393014659,272.125700201331,34,87,46
"Vancouver Island & Mainland Inlets","SEL","SEL MACKENZIE","SEL-11-05",931,168.88353723936,230.842000696727,16.433831861418,198.631623567916,263.052469297133,32,70,34
"Vancouver Island & Mainland Inlets","SEL","SEL MAGGIE","SEL-13-15",959,242.521420539689,268.419624090271,5.10191943929848,258.420183978018,278.41905495594,2,2,1
"HaidaGwaii","SEL","SEL MARIAN","SEL-17-05",823,171.361172317442,244.769783596372,8.67781901906859,227.761316504389,261.778538468742,41,122,61
"Central Coast","SEL","SEL MARY COVE CREEK","SEL-19-40",579,196.952667854682,252.944784413508,11.1596857745532,231.07174537808,274.817628444498,21,75,38
"HaidaGwaii","SEL","SEL MATHERS","SEL-17-06",824,140.005226501809,232.658218210191,8.16754489037149,216.649793498441,248.66669964988,23,41,19
"Central Coast","SEL","SEL MCDONALD CREEK","SEL-19-41",580,208.743056740409,247.805337824725,7.8353538383583,232.448006216176,263.162508294009,16,42,20
"Skeena","SEL","SEL MCDONELL","SEL-20-08",178,220.776203192891,245.558702265699,8.80373081309089,228.303424418561,262.814072804619,20,61,30
"Central Coast","SEL","SEL MCLOUGHLIN","SEL-19-42",581,184.606605658854,243.661977853073,11.0950897789927,221.915313901758,265.408719384387,20,67,33
"Vancouver Island & Mainland Inlets","SEL","SEL MEGIN","SEL-13-16",960,199.976902889653,269.130073792618,21.8935998272558,226.218798408608,312.041526732559,23,77,28
"HaidaGwaii","SEL","SEL MERCER","SEL-17-07",825,176.0705847142,227.559382048696,6.09717006500486,215.608882304618,239.51001927979,25,78,39
"Nass","SEL","SEL MEZIADIN","SEL-24-05",424,182.541130948011,254.623216315326,25.0217174508406,205.580713577469,303.665615978093,31,48,24
"Central Coast","SEL","SEL MIKADO","SEL-19-43",582,176.438447897096,246.35654055173,11.0240975844698,224.749198904949,267.963734067651,29,83,49
"Central Coast","SEL","SEL MONCKTON INLET CREEK","SEL-19-44",583,216.961422549511,221.267011037554,6.67012443456818,208.193331849222,234.340108310759,5,31,15
"Skeena","SEL","SEL MORICE","SEL-21-07",185,230.740315993389,259.663388821799,7.81660134680548,244.342915652745,274.983877837771,58,218,107
"Skeena","SEL","SEL MOTASE","SEL-22-08",197,232.305451570021,258.737004828206,6.23722437015763,246.511867642836,270.962063565485,21,57,31
"Vancouver Island & Mainland Inlets","SEL","SEL MUCHALAT","SEL-13-17",961,179.554020258469,255.066238645258,20.2982071104781,215.281630084957,294.850616123314,31,83,48
"Vancouver Island & Mainland Inlets","SEL","SEL MURIEL","SEL-13-18",962,306.698947965504,317.981720478599,5.9571838386798,306.305683666205,329.657825023411,2,14,7
"Fraser","SEL","SEL NADINA/FRANCOIS-EARLY SUMMER TIMING","SEL-06-20",727,230.563942845573,262.269633513372,7.82725401622868,246.926984761281,277.609902422933,142,0,204
"Fraser","SEL","SEL NAHATLATCH-EARLY SUMMER TIMING","SEL-05-02",718,235.192288051501,250.950286054836,10.4591704518408,230.451050067425,271.450124607595,21,4,54
"Vancouver Island & Mainland Inlets","SEL","SEL NAHWITTI","SEL-12-02",938,151.084327242491,247.446195113174,12.7278139309838,222.499682394516,272.392405513977,41,75,38
"Central Coast","SEL","SEL NAMU","SEL-19-45",584,165.491866262354,242.734447652553,12.5587021818958,218.119554071342,267.349438076103,22,74,42
"Vancouver Island & Mainland Inlets","SEL","SEL NIMPKISH","SEL-12-03",939,140.867223440459,250.416691968279,19.1334980849121,212.914891462427,287.918288219049,41,85,42
"Vancouver Island & Mainland Inlets","SEL","SEL NITINAT","SEL-13-19",963,228.513080011033,293.717058381878,8.1760172381179,277.69222895211,309.741687171125,14,20,10
"Fraser","SEL","SEL NORTH BARRIERE-EARLY SUMMER TIMING","SEL-10-03",752,226.41327859353,242.617394006356,7.13082746152009,228.640667835932,256.59364608013,39,52,74
"Vancouver Island & Mainland Inlets","SEL","SEL O'CONNELL","SEL-13-20",964,204.051527614572,233.771077748063,9.47536853404414,215.199236244522,252.342751533008,18,70,30
"Columbia","SEL","SEL OSOYOOS","SEL-01-01",1300,253.500888245232,295.583278836276,11.734419844496,272.583688331482,318.581799060099,2,4,2
"Nass","SEL","SEL OWEEGEE","SEL-24-06",425,219.949856239662,252.314586502573,9.69403239661632,233.313563622912,271.31443125106,2,4,2
"Central Coast","SEL","SEL OWIKENO","SEL-15-02",525,238.031605078469,269.224704882986,11.3628914739691,246.953412307697,291.495963540429,256,739,400
"Central Coast","SEL","SEL OWIKENO-LATE TIMING","SEL-15-03",526,253.949862385933,285.918731598696,12.1701913059292,262.06497473948,309.772262029488,61,186,102
"Vancouver Island & Mainland Inlets","SEL","SEL OWOSSITSA","SEL-13-21",NA,172.548407258771,198.632516657241,16.4094069345076,166.470164476491,230.79482882788,5,41,24
"Vancouver Island & Mainland Inlets","SEL","SEL PACK","SEL-11-11",NA,248.481242899637,278.884424830344,10.20364452605,258.88487021126,298.883611056062,1,2,1
"Vancouver Island & Mainland Inlets","SEL","SEL PARK RIVER","SEL-13-22",966,192.449083090451,209.108351322861,13.5876370870474,182.476655417714,235.739893905362,9,42,26
"Vancouver Island & Mainland Inlets","SEL","SEL PHILLIPS","SEL-11-06",932,194.419564732502,233.690956650841,13.5469555305981,207.138950211589,260.242956144721,37,93,46
"Central Coast","SEL","SEL PINE RIVER","SEL-18-09",539,192.008182019782,229.185302521373,8.72221786331431,212.089885596844,246.280856223786,7,42,18
"Fraser","SEL","SEL PITT-EARLY SUMMER TIMING","SEL-03-05",715,225.248179294075,254.453856767981,8.80119005667202,237.203509876324,271.704082888598,59,4,135
"Central Coast","SEL","SEL PORT JOHN","SEL-19-46",585,187.141473415836,259.385172043445,12.6201462042948,234.649715388884,284.120679837921,22,73,40
"Vancouver Island & Mainland Inlets","SEL","SEL POWER","SEL-13-23",967,251.635363345061,248.046339637355,11.9680015125269,224.589060829312,271.503595029088,7,44,18
"Central Coast","SEL","SEL POWLES CREEK","SEL-19-47",586,204.643263144865,218.161202574901,4.54051843067751,209.261691234655,227.060803201145,10,35,8
"Central Coast","SEL","SEL PRICE CREEK","SEL-19-48",587,195.60676963056,244.755998139752,6.9149296738128,231.202801557583,258.309340255464,33,76,36
"Skeena","SEL","SEL PRUDHOMME","SEL-19-49",416,245.358904394047,263.134271767189,8.48457673491734,246.504650527084,279.763969832039,37,110,55
"Vancouver Island & Mainland Inlets","SEL","SEL QUATSE","SEL-12-05",941,145.587755995656,223.700075167087,11.7347211994861,200.69991945667,246.70018671655,40,84,42
"Fraser","SEL","SEL QUESNEL-SUMMER TIMING","SEL-06-10",728,245.56393658409,260.514868897401,6.35586526457174,248.057177792052,272.972282988972,249,23,550
"Central Coast","SEL","SEL RODERICK","SEL-19-50",588,203.662023371899,248.451346321494,7.7611287204305,233.239346002722,263.663175309429,12,39,23
"Central Coast","SEL","SEL RYAN CREEK","SEL-19-51",589,197.84560146645,234.891984659364,9.6305442759219,216.016512635386,253.76783432931,13,37,19
"Vancouver Island & Mainland Inlets","SEL","SEL SAKINAW","SEL-11-07",933,199.838824306804,274.908771359611,12.9386375952333,249.549155272065,300.268388247571,25,61,26
"Central Coast","SEL","SEL SALTER","SEL-19-52",590,208.464642549005,224.606675708446,11.1927955524206,202.66903492812,246.544511246808,3,16,9
"Central Coast","SEL","SEL SCOULAR/KILPATRICK","SEL-19-53",591,196.027044150844,239.40467315694,10.5882553978012,218.651758910578,260.157461037186,19,65,32
"Fraser","SEL","SEL SETON-LATE TIMING","SEL-06-11",729,281.365914530756,300.426612225655,6.29266023665111,288.092631618025,312.760267168921,33,6,67
"Skeena","SEL","SEL SHAWATLAN","SEL-19-54",417,251.010490331401,271.506736674587,9.37207405175972,253.137528293094,289.875894048626,22,95,45
"Central Coast","SEL","SEL SHENEEZA INLET","SEL-19-55",592,191.204302599036,222.224360424579,9.68870617924091,203.234416298691,241.214181196764,15,54,27
"Central Coast","SEL","SEL SHIP POINT CREEK","SEL-19-56",593,182.196480896538,221.659649423123,11.0806293557743,199.94157213331,243.377614780593,11,46,21
"Vancouver Island & Mainland Inlets","SEL","SEL SHUSHARTIE","SEL-12-07",943,150.229500419142,220.591880278087,14.3126872104432,192.539050398924,248.644845543681,26,38,19
"Fraser","SEL","SEL SHUSWAP COMPLEX-EARLY SUMMER TIMING","SEL-09-02",738,235.246656257257,256.285492611022,9.70937839840184,237.254849251868,275.315843958546,211,43,390
"Fraser","SEL","SEL SHUSWAP COMPLEX-LATE TIMING","SEL-09-03",739,275.176264396659,292.340237268133,8.73714640125816,275.215410367482,309.464978068427,293,24,748
"HaidaGwaii","SEL","SEL SKIDEGATE","SEL-17-08",826,120.611910383411,236.55717056293,7.20150528142046,222.442100618731,250.672035361582,43,122,61
"Skeena","SEL","SEL SLAMGEESH","SEL-22-10",199,218.638350699878,254.942375995203,7.09898190626176,241.028026958477,268.856788924793,4,16,7
"Skeena","SEL","SEL SPAWNING","SEL-22-11",200,223.811698264231,256.984006444739,8.77774847832258,239.794382929323,274.206029279937,0,0,1
"Central Coast","SEL","SEL SPENCER CREEK","SEL-19-57",594,194.505272823235,223.524763379353,8.90556277055039,206.06964898428,240.979684850991,6,44,24
"Nass","SEL","SEL SPLIT MOUNTAIN/LEVERSON","SEL-23-02",419,239.352154328154,220.79185431627,10.5853817811144,200.045043967751,241.538567967427,2,11,6
"Central Coast","SEL","SEL STANNARD CREEK","SEL-19-58",595,217.160972005555,233.412050833267,8.4184270937422,216.91189591334,249.912378686256,5,28,11
"Skeena","SEL","SEL STEPHENS","SEL-21-09",187,234.326375634514,260.616310197567,7.07490963086895,246.749448458495,274.483149147718,136,335,164
"Skeena","SEL","SEL SUSTUT","SEL-22-12",201,216.512431591551,253.910961979401,6.74297321832592,240.694959545002,267.127151133398,6,35,20
"Skeena","SEL","SEL TAHLO/MORRISON","SEL-21-11",189,231.559846735611,253.019970798855,7.89475326291007,237.546183739958,268.493705312526,32,130,68
"Fraser","SEL","SEL TAKLA/TREMBLEUR-EARLY STUART TIMING","SEL-06-14",732,209.246696577233,221.231342844267,5.4302934247432,210.587930815854,231.874644252317,950,75,1516
"Fraser","SEL","SEL TAKLA/TREMBLEUR/STUART-SUMMER TIMING","SEL-06-13",731,245.422730622935,263.458031166164,4.47943613943364,254.678218390695,272.237861400708,156,7,332
"Central Coast","SEL","SEL TALAMOOSA CREEK","SEL-19-59",596,205.127327980907,238.944381120934,9.37034873651834,220.5788097489,257.310244405448,19,45,20
"Central Coast","SEL","SEL TANKEEAH RIVER","SEL-19-60",597,204.351594159173,249.467753183751,10.0848268135047,229.701372306665,269.23399580782,24,82,41
"Fraser","SEL","SEL TASEKO-EARLY SUMMER TIMING","SEL-06-16",734,224.076305054871,240.550491472017,10.0949732363203,220.764214417846,260.336729286496,15,14,30
"AlaskaTransboundary","SEL","SEL TATSAMENIE","SEL-28-03",1029,252.56036627199,230.419770489829,19.8268810506805,186.614932765715,274.089102551496,22,0,0
"Central Coast","SEL","SEL TRENEMAN CREEK","SEL-19-61",598,209.794016051397,276.274981912924,6.37775238729005,263.775161789777,288.775921888655,3,4,2
"Central Coast","SEL","SEL TSIMTACK/LAKES","SEL-19-62",599,208.309232345199,255.155192992968,11.5314836863712,232.553567557311,277.756920255338,32,92,47
"Central Coast","SEL","SEL TUNO CREEK EAST","SEL-19-63",600,199.499002630608,250.572729292623,8.40265374483561,234.103505293836,267.04184968212,14,32,15
"Central Coast","SEL","SEL TUNO CREEK WEST","SEL-19-64",601,199.855185046404,240.672401181861,8.87754668534732,223.272666179886,258.072761863443,14,40,18
"Central Coast","SEL","SEL TUWARTZ","SEL-19-09",548,212.122453269007,228.744928674547,12.7871076474395,203.681875769964,253.807564937613,7,48,24
"Central Coast","SEL","SEL TYLER CREEK","SEL-19-65",602,207.798617983915,235.012697473404,0.00132713028913089,235.009883854697,235.015443102124,3,3,2
"Vancouver Island & Mainland Inlets","SEL","SEL TZOONIE","SEL-11-09",935,205.478553685609,218.424582381666,9.27957254443514,200.236536320105,236.612625702831,4,32,11
"Vancouver Island & Mainland Inlets","SEL","SEL VILLAGE BAY","SEL-11-10",936,219.265083109022,268.71100203568,8.16346359682482,252.710664052578,284.711023989827,18,34,17
"Central Coast","SEL","SEL WALE CREEK","SEL-19-66",603,204.82153131168,247.709200202174,10.0235539401778,228.063114987637,267.355288218045,20,48,21
"Central Coast","SEL","SEL WANNOCK[OWIKENO]","SEL-15-04",527,216.792437943589,288.279637073008,16.4303001523316,256.076276265986,320.483040357048,25,74,37
"Central Coast","SEL","SEL WATT BAY","SEL-19-67",604,197.744268656228,191.49925308127,11.7351541396514,168.498021598419,214.50020811563,0,2,1
"Central Coast","SEL","SEL WEST CREEK","SEL-19-68",605,181.539969480002,223.117601776142,11.6870054012602,200.21126583645,246.02394914574,4,32,12
"Central Coast","SEL","SEL WHALEN","SEL-18-11",531,245.360560723685,268.624287065888,0.0708507112886018,268.483925686815,268.764420686691,7,3,4
"Vancouver Island & Mainland Inlets","SEL","SEL WILLIAM/BRINK","SEL-13-26",970,196.714728776972,181.588076810599,7.31511685253183,167.250147302399,195.925810549186,0,19,7
"Central Coast","SEL","SEL YAAKLELE LAGOON","SEL-19-69",606,157.939587806352,220.596956478933,9.59432229101897,201.792350237768,239.401792119057,10,46,18
"HaidaGwaii","SEL","SEL YAKOUN","SEL-17-09",827,128.765806848425,237.626872983835,8.89416978544218,220.194267541335,255.059428670517,46,118,59
"Central Coast","SEL","SEL YEO","SEL-19-70",607,209.215695279034,243.266231809644,6.02124925936676,231.464626074881,255.067890841085,18,70,40
"AlaskaTransboundary","SER","SER ALSEK RIVER","SER-24",1021,196.781359521392,229.762336573654,19.6949505568218,186.367914011475,272.774782701502,2,0,0
"HaidaGwaii","SER","SER EAST HAIDA GWAII","SER-13",816,245.34997452236,258.294146482745,6.75695450933313,245.050417934268,271.537827689291,44,74,39
"Vancouver Island & Mainland Inlets","SER","SER EAST VANCOUVER ISLAND AND GEORGIA STRAIT","SER-08",973,233.049590823808,265.289374531417,8.97650136710347,247.695496603156,282.883304928715,223,457,238
"Fraser","SER","SER HARRISON RIVER","SER-03",745,292.981215106234,318.030268406688,12.5559944060759,293.421635028761,342.643092226485,37,0,72
"Nass","SER","SER LOWER NASS-PORTLAND","SER-20",426,196.609522539697,213.994072631576,8.54399001044485,197.247796843221,230.740222942338,94,242,123
"Fraser","SER","SER MIDDLE FRASER","SER-05",NA,230.24589523497,268.720585589056,7.88936765499622,253.257410643575,284.183426956852,18,21,43
"HaidaGwaii","SER","SER NORTH HAIDA GWAII","SER-15",817,227.586813938782,214.362274835738,6.07165510717963,202.461724034743,226.262701277762,1,20,15
"Central Coast","SER","SER NORTHERN COASTAL FJORDS","SER-16",614,218.785481405345,259.098375498152,7.75943909964153,243.889862453818,274.306918885092,487,835,466
"Central Coast","SER","SER NORTHERN COASTAL STREAMS","SER-17",615,223.901406955414,217.436480608454,8.47478890677866,200.825920056352,234.046971786582,91,355,145
"AlaskaTransboundary","SER","SER NORTHERN TRANSBOUNDARY FJORDS","SER-22",1023,209.146607444838,229.769550923188,19.6307955440214,186.216722095072,273.195093928389,3,0,0
"Vancouver Island & Mainland Inlets","SER","SER NW VANCOUVER ISLAND","SER-11",974,256.051798068558,263.85343837742,7.7960684960973,248.573079462833,279.133848489823,26,40,21
"Central Coast","SER","SER RIVERS-SMITH INLETS","SER-12",613,232.243589999069,258.328318385388,8.45036286359422,241.765390545073,274.890887372656,12,16,11
"Skeena","SER","SER SKEENA RIVER","SER-18",226,216.371344654634,246.479007406377,7.08127429109467,232.599744282243,260.358309407958,69,166,81
"Skeena","SER","SER SKEENA RIVER-HIGH INTERIOR","SER-19",216,242.561724007642,258.977913202752,4.65563570440368,249.852685132009,268.10295149167,14,32,16
"Vancouver Island & Mainland Inlets","SER","SER SOUTHERN FJORDS","SER-09",971,222.953693851968,236.891966911156,10.9812189642068,215.368697769464,258.415176338306,93,188,96
"Fraser","SER","SER UPPER FRASER","SER-06",NA,273.061116324336,240.933937452806,12.5713729072347,216.30696211714,265.578513756382,0,0,1
"Nass","SER","SER UPPER NASS RIVER","SER-21",427,253.327428753674,278.098278176009,8.70660541033643,261.033512639704,295.163223721256,22,34,20
"HaidaGwaii","SER","SER WEST HAIDA GWAII","SER-14",818,236.021552893626,224.3751299694,5.17437898172268,214.233144367641,234.51664838012,23,15,5
"Vancouver Island & Mainland Inlets","SER","SER WEST VANCOUVER ISLAND","SER-10",972,253.571946593743,288.597842105841,8.14389313914819,272.635732692858,304.559862741584,401,682,383
"Fraser","SER","SER WIDGEON","SER-02",742,296.109154988618,310.165305321816,12.978343517903,284.728363952263,335.60310094998,30,0,62
